"--large-name27--","RecurringSubscriptionInfo(java.lang.String,java.lang.String,java.lang.String,java.math.BigInteger,java.math.BigInteger,java.lang.String,java.lang.String,java.lang.String,java.lang.String,java.lang.String,org.broadleafcommerce.vendor.cybersource.service.api.PaySubscriptionEvent,java.lang.String)"
"--large-name43--","buildProperties(Class<?>,ForeignKey,ForeignKey[],String[],MergedPropertyType,Map<String,FieldMetadata>,List<Property>,Map<String,FieldMetadata>,List<String>,List<Type>,String,Boolean,String[],String[],String,String,List<Class<?>>,String,Boolean)"
"--large-name49--","createOffer(String,String,String,boolean,boolean,OfferDeliveryType,OfferDiscountType,Date,int,OfferItemRestrictionRuleType,OfferItemRestrictionRuleType,int,Set<OfferQualifyingCriteriaXref>,boolean,Date,Set<OfferTargetCriteriaXref>,boolean,OfferType,BigDecimal)"
"--large-name14--","Item(java.lang.String,java.math.BigInteger,java.lang.String,java.lang.String,java.lang.String,java.lang.String,java.lang.String,java.lang.String,java.lang.String,java.lang.String,java.lang.String,java.lang.String,java.lang.String,java.lang.String,java.lang.String,java.lang.String,java.lang.String,java.lang.String,java.lang.String,java.lang.String,java.lang.String,java.lang.String,java.lang.String,java.lang.String,java.lang.String,java.lang.String,java.lang.String,java.lang.String,java.lang.String,java.lang.String,java.lang.String,java.lang.String,java.lang.String,java.lang.String,java.lang.String,java.lang.String,java.lang.String,java.lang.String,java.lang.String,java.lang.String,java.lang.String,java.lang.String,java.lang.String,java.lang.String,java.lang.String,java.lang.String,java.lang.String,java.lang.String,java.lang.String,java.lang.String,java.lang.String,java.lang.String,java.lang.String,java.lang.String,java.lang.String,java.lang.String,java.lang.String,java.lang.String,java.lang.String,java.lang.String,java.lang.String,java.lang.String,java.lang.String,java.lang.String,java.lang.String,java.lang.String,java.lang.String,java.lang.String,java.lang.String,java.lang.String,java.lang.String,java.math.BigInteger)"
"--large-name21--","PayPalEcOrderSetupReply(java.math.BigInteger,java.lang.String,java.lang.String,java.lang.String,java.lang.String,java.lang.String,java.lang.String,java.lang.String,java.lang.String,java.lang.String,java.lang.String,java.lang.String,java.lang.String,java.lang.String,java.lang.String,java.lang.String,java.lang.String)"
"--large-name32--","TaxReply(java.math.BigInteger,java.lang.String,java.lang.String,java.lang.String,java.lang.String,java.lang.String,java.lang.String,java.lang.String,java.lang.String,java.lang.String,java.lang.String,java.lang.String,java.lang.String,org.broadleafcommerce.vendor.cybersource.service.api.TaxReplyItem[])"
"--large-name1--","AFSReply(java.math.BigInteger,java.math.BigInteger,java.math.BigInteger,java.lang.String,java.lang.String,java.lang.String,java.lang.String,java.lang.String,java.lang.String,java.lang.String,java.lang.String,java.lang.String,java.lang.String,java.lang.String,java.lang.String,java.lang.String,java.lang.String,java.lang.String,java.lang.String,java.lang.String,java.lang.String,org.broadleafcommerce.vendor.cybersource.service.api.DeviceFingerprint)"
"--large-name25--","PayPalUpdateAgreementReply(java.math.BigInteger,java.lang.String,java.lang.String,java.lang.String,java.lang.String,java.lang.String,java.lang.String,java.lang.String,java.lang.String,java.lang.String,java.lang.String,java.lang.String,java.lang.String,java.lang.String,java.lang.String,java.lang.String,java.lang.String,java.lang.String)"
"--large-name2--","AirlineData(java.lang.String,java.lang.String,java.lang.String,java.lang.String,java.lang.String,java.lang.String,java.lang.String,java.lang.String,java.lang.String,java.lang.String,java.math.BigInteger,java.math.BigInteger,java.lang.String,java.lang.String,java.lang.String,java.lang.String,java.lang.String,java.lang.String,java.lang.String,java.lang.String,java.lang.String,java.lang.String,java.lang.String,java.lang.String,java.lang.String,java.lang.String,java.math.BigInteger,java.lang.String,org.broadleafcommerce.vendor.cybersource.service.api.Leg[],java.lang.String)"
"--large-name3--","BML(java.lang.String,java.lang.String,java.lang.String,java.lang.String,java.lang.String,java.lang.String,java.lang.String,java.lang.String,java.lang.String,java.lang.String,java.lang.String,java.lang.String,java.lang.String,java.lang.String,java.lang.String,java.lang.String,java.math.BigInteger,java.math.BigInteger,java.lang.String,java.lang.String,java.lang.String,java.lang.String,java.lang.String,java.lang.String,java.lang.String,java.lang.String,java.lang.String,java.lang.String,java.lang.String,java.lang.String,java.lang.String,java.lang.String,java.lang.String,java.lang.String,java.lang.String,java.lang.String,java.lang.String,java.lang.String,java.lang.String,java.lang.String,java.lang.String,java.lang.String,java.lang.String,java.lang.String,java.lang.String,java.lang.String,java.lang.String,java.lang.String,java.lang.String,java.lang.String,java.lang.String,java.lang.String,java.lang.String,java.lang.String,java.lang.String,java.lang.String,java.lang.String,java.lang.String,java.lang.String,java.lang.String,java.lang.String,java.lang.String,java.lang.String,java.lang.String,java.lang.String,java.lang.String,java.lang.String,java.lang.String,java.lang.String,java.lang.String,java.lang.String,java.lang.String,java.lang.String,java.lang.String,java.lang.String,java.lang.String,java.lang.String,java.lang.String,java.lang.String,java.lang.String,java.lang.String,java.lang.String,java.lang.String,java.lang.String,java.lang.String,java.lang.String)"
"--large-name31--","ShipTo(java.lang.String,java.lang.String,java.lang.String,java.lang.String,java.lang.String,java.lang.String,java.lang.String,java.lang.String,java.lang.String,java.lang.String,java.lang.String,java.lang.String,java.lang.String,java.lang.String,java.lang.String,java.lang.String,java.lang.String,java.lang.String)"
"--large-name29--","RequestMessage(java.lang.String,java.lang.String,java.lang.String,java.lang.String,java.lang.String,java.lang.String,java.lang.String,java.lang.String,java.lang.String,java.lang.String,java.lang.String,java.lang.String,java.lang.String,org.broadleafcommerce.vendor.cybersource.service.api.InvoiceHeader,org.broadleafcommerce.vendor.cybersource.service.api.BillTo,org.broadleafcommerce.vendor.cybersource.service.api.ShipTo,org.broadleafcommerce.vendor.cybersource.service.api.ShipFrom,org.broadleafcommerce.vendor.cybersource.service.api.Item[],org.broadleafcommerce.vendor.cybersource.service.api.PurchaseTotals,org.broadleafcommerce.vendor.cybersource.service.api.FundingTotals,org.broadleafcommerce.vendor.cybersource.service.api.DCC,org.broadleafcommerce.vendor.cybersource.service.api.Pos,org.broadleafcommerce.vendor.cybersource.service.api.Installment,org.broadleafcommerce.vendor.cybersource.service.api.Card,org.broadleafcommerce.vendor.cybersource.service.api.Check,org.broadleafcommerce.vendor.cybersource.service.api.BML,org.broadleafcommerce.vendor.cybersource.service.api.GECC,org.broadleafcommerce.vendor.cybersource.service.api.UCAF,org.broadleafcommerce.vendor.cybersource.service.api.FundTransfer,org.broadleafcommerce.vendor.cybersource.service.api.BankInfo,org.broadleafcommerce.vendor.cybersource.service.api.Subscription,org.broadleafcommerce.vendor.cybersource.service.api.RecurringSubscriptionInfo,org.broadleafcommerce.vendor.cybersource.service.api.DecisionManager,org.broadleafcommerce.vendor.cybersource.service.api.OtherTax,org.broadleafcommerce.vendor.cybersource.service.api.PayPal,org.broadleafcommerce.vendor.cybersource.service.api.MerchantDefinedData,org.broadleafcommerce.vendor.cybersource.service.api.MerchantSecureData,org.broadleafcommerce.vendor.cybersource.service.api.JPO,java.lang.String,org.broadleafcommerce.vendor.cybersource.service.api.CCAuthService,org.broadleafcommerce.vendor.cybersource.service.api.CCCaptureService,org.broadleafcommerce.vendor.cybersource.service.api.CCCreditService,org.broadleafcommerce.vendor.cybersource.service.api.CCAuthReversalService,org.broadleafcommerce.vendor.cybersource.service.api.CCAutoAuthReversalService,org.broadleafcommerce.vendor.cybersource.service.api.CCDCCService,org.broadleafcommerce.vendor.cybersource.service.api.ECDebitService,org.broadleafcommerce.vendor.cybersource.service.api.ECCreditService,org.broadleafcommerce.vendor.cybersource.service.api.ECAuthenticateService,org.broadleafcommerce.vendor.cybersource.service.api.PayerAuthEnrollService,org.broadleafcommerce.vendor.cybersource.service.api.PayerAuthValidateService,org.broadleafcommerce.vendor.cybersource.service.api.TaxService,org.broadleafcommerce.vendor.cybersource.service.api.AFSService,org.broadleafcommerce.vendor.cybersource.service.api.DAVService,org.broadleafcommerce.vendor.cybersource.service.api.ExportService,org.broadleafcommerce.vendor.cybersource.service.api.FXRatesService,org.broadleafcommerce.vendor.cybersource.service.api.BankTransferService,org.broadleafcommerce.vendor.cybersource.service.api.BankTransferRefundService,org.broadleafcommerce.vendor.cybersource.service.api.BankTransferRealTimeService,org.broadleafcommerce.vendor.cybersource.service.api.DirectDebitMandateService,org.broadleafcommerce.vendor.cybersource.service.api.DirectDebitService,org.broadleafcommerce.vendor.cybersource.service.api.DirectDebitRefundService,org.broadleafcommerce.vendor.cybersource.service.api.DirectDebitValidateService,org.broadleafcommerce.vendor.cybersource.service.api.PaySubscriptionCreateService,org.broadleafcommerce.vendor.cybersource.service.api.PaySubscriptionUpdateService,org.broadleafcommerce.vendor.cybersource.service.api.PaySubscriptionEventUpdateService,org.broadleafcommerce.vendor.cybersource.service.api.PaySubscriptionRetrieveService,org.broadleafcommerce.vendor.cybersource.service.api.PayPalPaymentService,org.broadleafcommerce.vendor.cybersource.service.api.PayPalCreditService,org.broadleafcommerce.vendor.cybersource.service.api.VoidService,org.broadleafcommerce.vendor.cybersource.service.api.BusinessRules,org.broadleafcommerce.vendor.cybersource.service.api.PinlessDebitService,org.broadleafcommerce.vendor.cybersource.service.api.PinlessDebitValidateService,org.broadleafcommerce.vendor.cybersource.service.api.PinlessDebitReversalService,org.broadleafcommerce.vendor.cybersource.service.api.Batch,org.broadleafcommerce.vendor.cybersource.service.api.AirlineData,org.broadleafcommerce.vendor.cybersource.service.api.PayPalButtonCreateService,org.broadleafcommerce.vendor.cybersource.service.api.PayPalPreapprovedPaymentService,org.broadleafcommerce.vendor.cybersource.service.api.PayPalPreapprovedUpdateService,org.broadleafcommerce.vendor.cybersource.service.api.RiskUpdateService,org.broadleafcommerce.vendor.cybersource.service.api.RequestReserved[],java.lang.String,org.broadleafcommerce.vendor.cybersource.service.api.PayPalRefundService,org.broadleafcommerce.vendor.cybersource.service.api.PayPalAuthReversalService,org.broadleafcommerce.vendor.cybersource.service.api.PayPalDoCaptureService,org.broadleafcommerce.vendor.cybersource.service.api.PayPalEcDoPaymentService,org.broadleafcommerce.vendor.cybersource.service.api.PayPalEcGetDetailsService,org.broadleafcommerce.vendor.cybersource.service.api.PayPalEcSetService,org.broadleafcommerce.vendor.cybersource.service.api.PayPalEcOrderSetupService,org.broadleafcommerce.vendor.cybersource.service.api.PayPalAuthorizationService,org.broadleafcommerce.vendor.cybersource.service.api.PayPalUpdateAgreementService,org.broadleafcommerce.vendor.cybersource.service.api.PayPalCreateAgreementService,org.broadleafcommerce.vendor.cybersource.service.api.PayPalDoRefTransactionService,org.broadleafcommerce.vendor.cybersource.service.api.ChinaPaymentService,org.broadleafcommerce.vendor.cybersource.service.api.ChinaRefundService,org.broadleafcommerce.vendor.cybersource.service.api.BoletoPaymentService)"
"--large-name24--","PayPalPreapprovedUpdateReply(java.math.BigInteger,java.lang.String,java.lang.String,java.lang.String,java.lang.String,java.lang.String,java.lang.String,java.lang.String,java.lang.String,java.lang.String,java.lang.String,java.lang.String,java.lang.String)"
"--large-name10--","Card(java.lang.String,java.lang.String,java.math.BigInteger,java.math.BigInteger,java.lang.String,java.lang.String,java.lang.String,java.lang.String,java.math.BigInteger,java.math.BigInteger,java.lang.String,java.lang.String,java.lang.String)"
"--large-name47--","buildBasicProperty(Field,Class<?>,ForeignKey,ForeignKey[],String[],MergedPropertyType,Map<String,FieldMetadata>,List<Property>,Map<String,FieldMetadata>,String,Boolean,String[],String[],String,String,List<Class<?>>,String,Boolean,String,Type,boolean,int,Boolean)"
"--large-name18--","PayPalDoRefTransactionReply(java.math.BigInteger,java.lang.String,java.lang.String,java.lang.String,java.lang.String,java.lang.String,java.lang.String,java.lang.String,java.lang.String,java.lang.String,java.lang.String,java.lang.String,java.lang.String,java.lang.String,java.lang.String)"
"--large-name7--","CCAuthService(java.lang.String,java.lang.String,java.lang.String,java.lang.String,java.lang.String,java.lang.String,java.lang.String,java.lang.String,java.lang.String,java.lang.String,java.lang.String,java.lang.String,java.lang.String,java.lang.String,java.lang.String,java.lang.String,java.lang.String,java.lang.String,java.lang.String,java.lang.String,java.lang.String,java.lang.String,java.lang.String)"
"--large-name6--","CCAuthReply(java.math.BigInteger,java.lang.String,java.lang.String,java.lang.String,java.lang.String,java.lang.String,java.lang.String,java.lang.String,java.lang.String,java.lang.String,java.lang.String,java.lang.String,java.lang.String,org.broadleafcommerce.vendor.cybersource.service.api.FundingTotals,java.lang.String,java.lang.String,java.lang.String,java.lang.String,java.lang.String,java.lang.String,java.lang.String,java.lang.String,java.lang.String,java.lang.String,java.lang.String,java.lang.String,java.lang.String,java.lang.String,java.lang.String,java.lang.String,java.lang.String,java.lang.String,java.lang.String,java.lang.String,java.lang.String,java.lang.String)"
"--large-name23--","PayPalPreapprovedPaymentReply(java.math.BigInteger,java.lang.String,java.lang.String,java.lang.String,java.lang.String,java.lang.String,java.lang.String,java.lang.String,java.lang.String,java.lang.String,java.lang.String,java.lang.String,java.lang.String,java.lang.String,java.lang.String,java.lang.String,java.lang.String,java.lang.String,java.lang.String,java.lang.String,java.lang.String,java.lang.String,java.lang.String,java.lang.String)"
"--large-name40--","buildProperties(Class<?>,ForeignKey,ForeignKey[],String[],MergedPropertyType,Map<String,FieldPresentationAttributes>,List<Property>,Map<String,FieldMetadata>,List<String>,List<Type>,String,Boolean,String[],String[],String,String,String,Boolean)"
"--large-name19--","PayPalEcDoPaymentReply(java.math.BigInteger,java.lang.String,java.lang.String,java.lang.String,java.lang.String,java.lang.String,java.lang.String,java.lang.String,java.lang.String,java.lang.String,java.lang.String,java.lang.String,java.lang.String,java.lang.String,java.lang.String,java.lang.String,java.lang.String,java.lang.String,java.lang.String)"
"--large-name30--","ShipFrom(java.lang.String,java.lang.String,java.lang.String,java.lang.String,java.lang.String,java.lang.String,java.lang.String,java.lang.String,java.lang.String,java.lang.String,java.lang.String,java.lang.String,java.lang.String,java.lang.String,java.lang.String,java.lang.String,java.lang.String)"
"--large-name15--","Leg(java.lang.String,java.lang.String,java.lang.String,java.lang.String,java.lang.String,java.lang.String,java.lang.String,java.lang.String,java.lang.String,java.lang.String,java.lang.String,java.lang.String,java.lang.String,java.lang.String,java.lang.String,java.lang.String,java.lang.String,java.math.BigInteger)"
"--large-name44--","buildBasicProperty(Class<?>,ForeignKey,ForeignKey[],String[],MergedPropertyType,Map<String,FieldMetadata>,List<Property>,Map<String,FieldMetadata>,String,Boolean,String[],String[],String,String,List<Class<?>>,String,Boolean,String,Type,boolean,int)"
"--large-name39--","buildProperties(Class<?>,ForeignKey,ForeignKey[],String[],MergedPropertyType,Map<String,FieldPresentationAttributes>,List<Property>,Map<String,FieldMetadata>,List<String>,List<Type>,String,Boolean,String[],String[],String,List<String>,String,String)"
"--large-name12--","ECDebitReply(java.math.BigInteger,java.lang.String,java.lang.String,java.lang.String,java.math.BigInteger,java.lang.String,java.lang.String,java.lang.String,java.lang.String,java.lang.String,java.lang.String,java.lang.String,java.lang.String,java.lang.String)"
"--large-name42--","createOffer(String,String,String,boolean,boolean,OfferDeliveryType,OfferDiscountType,Date,int,OfferItemRestrictionRuleType,OfferItemRestrictionRuleType,int,Set<OfferItemCriteria>,boolean,Date,Set<OfferItemCriteria>,boolean,OfferType,BigDecimal)"
"--large-name9--","CCCreditService(java.lang.String,java.lang.String,java.lang.String,java.lang.String,java.lang.String,java.lang.String,java.lang.String,java.lang.String,java.lang.String,java.lang.String,java.lang.String,java.lang.String,java.lang.String,java.lang.String,java.lang.String)"
"--large-name11--","DAVReply(java.math.BigInteger,java.lang.String,java.lang.String,java.lang.String,java.lang.String,java.lang.String,java.lang.String,java.lang.String,java.lang.String,java.lang.String,java.math.BigInteger,java.lang.String,java.lang.String,java.lang.String,java.lang.String,java.lang.String,java.lang.String,java.lang.String,java.lang.String,java.lang.String,java.lang.String,java.lang.String,java.lang.String,java.lang.String,java.lang.String,java.lang.String,java.lang.String,java.lang.String,java.lang.String,java.lang.String,java.lang.String,java.lang.String,java.lang.String,java.lang.String)"
"--large-name16--","MerchantDefinedData(java.lang.String,java.lang.String,java.lang.String,java.lang.String,java.lang.String,java.lang.String,java.lang.String,java.lang.String,java.lang.String,java.lang.String,java.lang.String,java.lang.String,java.lang.String,java.lang.String,java.lang.String,java.lang.String,java.lang.String,java.lang.String,java.lang.String,java.lang.String)"
"--large-name22--","PayPalEcSetService(java.lang.String,java.lang.String,java.lang.String,java.lang.String,java.lang.String,java.lang.String,java.lang.String,java.lang.String,java.lang.String,java.lang.String,java.lang.String,java.lang.String,java.lang.String,java.lang.String,java.lang.String,java.lang.String,java.lang.String,java.lang.String,java.lang.String,java.lang.String,java.lang.String,java.lang.String,java.lang.String,java.lang.String,java.lang.String)"
"--large-name34--","buildProperties(Class<?>,ForeignKey,ForeignKey[],String[],MergedPropertyType,Map<String,FieldPresentationAttributes>,Iterator<Property>,ClassMetadata,Map<String,FieldMetadata>,List<String>,List<Type>,String,Boolean,String[],String[],String,Map<String,FieldMetadata>)"
"--large-name8--","CCCaptureReply(java.math.BigInteger,java.lang.String,java.lang.String,java.lang.String,org.broadleafcommerce.vendor.cybersource.service.api.FundingTotals,java.lang.String,java.lang.String,java.lang.String,java.lang.String,java.lang.String,java.lang.String)"
"--large-name41--","buildProperties(Class<?>,ForeignKey,ForeignKey[],String[],MergedPropertyType,Map<String,FieldPresentationAttributes>,List<Property>,Map<String,FieldMetadata>,List<String>,List<Type>,String,Boolean,String[],String[],String,String,List<Class<?>>,String,Boolean)"
"--large-name33--","TaxService(java.lang.String,java.lang.String,java.lang.String,java.lang.String,java.lang.String,java.lang.String,java.lang.String,java.lang.String,java.lang.String,java.lang.String,java.lang.String,java.lang.String,java.lang.String,java.lang.String,java.lang.String,java.lang.String,java.lang.String)"
"--large-name13--","InvoiceHeader(java.lang.String,java.lang.String,java.lang.String,java.lang.String,java.lang.String,java.lang.String,java.lang.String,java.lang.String,java.lang.String,java.lang.String,java.lang.String,java.lang.String,java.lang.String,java.lang.String,java.lang.String,java.lang.String,java.lang.String,java.lang.String,java.lang.String,java.lang.String,java.lang.String)"
"--large-name26--","PaySubscriptionRetrieveReply(java.math.BigInteger,java.lang.String,java.lang.String,java.lang.String,java.lang.String,java.lang.String,java.lang.String,java.lang.String,java.lang.String,java.lang.String,java.lang.String,java.lang.String,java.lang.String,java.lang.String,java.lang.String,java.lang.String,java.lang.String,java.lang.String,java.lang.String,java.lang.String,java.lang.String,java.lang.String,java.lang.String,java.lang.String,java.lang.String,java.lang.String,java.lang.String,java.lang.String,java.lang.String,java.lang.String,java.lang.String,java.lang.String,java.lang.String,java.lang.String,java.lang.String,java.lang.String,java.lang.String,java.lang.String,java.lang.String,java.lang.String,java.lang.String,java.lang.String,java.lang.String,java.lang.String,java.lang.String,java.lang.String,java.lang.String,java.lang.String,java.lang.String,java.lang.String,java.lang.String,java.lang.String,java.lang.String,java.lang.String,java.lang.String,java.lang.String,java.lang.String,java.lang.String,java.lang.String)"
"--large-name5--","BillTo(java.lang.String,java.lang.String,java.lang.String,java.lang.String,java.lang.String,java.lang.String,java.lang.String,java.lang.String,java.lang.String,java.lang.String,java.lang.String,java.lang.String,java.lang.String,java.lang.String,java.lang.String,java.lang.String,java.lang.String,java.lang.String,java.lang.String,java.lang.String,java.lang.String,java.lang.String,java.lang.String,java.lang.String,java.lang.String,java.lang.String,java.lang.String,java.lang.String,java.lang.String,java.lang.String,java.lang.String,java.lang.String)"
"--large-name4--","BankTransferReply(java.math.BigInteger,java.lang.String,java.lang.String,java.lang.String,java.lang.String,java.lang.String,java.lang.String,java.lang.String,java.lang.String,java.lang.String,java.lang.String,java.lang.String,java.lang.String,java.lang.String,java.lang.String,java.lang.String)"
"--large-name20--","PayPalEcGetDetailsReply(java.math.BigInteger,java.lang.String,java.lang.String,java.lang.String,java.lang.String,java.lang.String,java.lang.String,java.lang.String,java.lang.String,java.lang.String,java.lang.String,java.lang.String,java.lang.String,java.lang.String,java.lang.String,java.lang.String,java.lang.String,java.lang.String,java.lang.String,java.lang.String,java.lang.String,java.lang.String,java.lang.String,java.lang.String,java.lang.String,java.lang.String,java.lang.String,java.lang.String,java.lang.String,java.lang.String,java.lang.String,java.lang.String,java.lang.String)"
"--large-name28--","ReplyMessage(java.lang.String,java.lang.String,java.lang.String,java.math.BigInteger,java.lang.String[],java.lang.String[],java.lang.String,org.broadleafcommerce.vendor.cybersource.service.api.PurchaseTotals,org.broadleafcommerce.vendor.cybersource.service.api.DeniedPartiesMatch[],org.broadleafcommerce.vendor.cybersource.service.api.CCAuthReply,org.broadleafcommerce.vendor.cybersource.service.api.CCCaptureReply,org.broadleafcommerce.vendor.cybersource.service.api.CCCreditReply,org.broadleafcommerce.vendor.cybersource.service.api.CCAuthReversalReply,org.broadleafcommerce.vendor.cybersource.service.api.CCAutoAuthReversalReply,org.broadleafcommerce.vendor.cybersource.service.api.CCDCCReply,org.broadleafcommerce.vendor.cybersource.service.api.ECDebitReply,org.broadleafcommerce.vendor.cybersource.service.api.ECCreditReply,org.broadleafcommerce.vendor.cybersource.service.api.ECAuthenticateReply,org.broadleafcommerce.vendor.cybersource.service.api.PayerAuthEnrollReply,org.broadleafcommerce.vendor.cybersource.service.api.PayerAuthValidateReply,org.broadleafcommerce.vendor.cybersource.service.api.TaxReply,org.broadleafcommerce.vendor.cybersource.service.api.AFSReply,org.broadleafcommerce.vendor.cybersource.service.api.DAVReply,org.broadleafcommerce.vendor.cybersource.service.api.ExportReply,org.broadleafcommerce.vendor.cybersource.service.api.FXRatesReply,org.broadleafcommerce.vendor.cybersource.service.api.BankTransferReply,org.broadleafcommerce.vendor.cybersource.service.api.BankTransferRefundReply,org.broadleafcommerce.vendor.cybersource.service.api.BankTransferRealTimeReply,org.broadleafcommerce.vendor.cybersource.service.api.DirectDebitMandateReply,org.broadleafcommerce.vendor.cybersource.service.api.DirectDebitReply,org.broadleafcommerce.vendor.cybersource.service.api.DirectDebitValidateReply,org.broadleafcommerce.vendor.cybersource.service.api.DirectDebitRefundReply,org.broadleafcommerce.vendor.cybersource.service.api.PaySubscriptionCreateReply,org.broadleafcommerce.vendor.cybersource.service.api.PaySubscriptionUpdateReply,org.broadleafcommerce.vendor.cybersource.service.api.PaySubscriptionEventUpdateReply,org.broadleafcommerce.vendor.cybersource.service.api.PaySubscriptionRetrieveReply,org.broadleafcommerce.vendor.cybersource.service.api.PayPalPaymentReply,org.broadleafcommerce.vendor.cybersource.service.api.PayPalCreditReply,org.broadleafcommerce.vendor.cybersource.service.api.VoidReply,org.broadleafcommerce.vendor.cybersource.service.api.PinlessDebitReply,org.broadleafcommerce.vendor.cybersource.service.api.PinlessDebitValidateReply,org.broadleafcommerce.vendor.cybersource.service.api.PinlessDebitReversalReply,org.broadleafcommerce.vendor.cybersource.service.api.PayPalButtonCreateReply,org.broadleafcommerce.vendor.cybersource.service.api.PayPalPreapprovedPaymentReply,org.broadleafcommerce.vendor.cybersource.service.api.PayPalPreapprovedUpdateReply,org.broadleafcommerce.vendor.cybersource.service.api.RiskUpdateReply,org.broadleafcommerce.vendor.cybersource.service.api.DecisionReply,org.broadleafcommerce.vendor.cybersource.service.api.ReplyReserved,org.broadleafcommerce.vendor.cybersource.service.api.PayPalRefundReply,org.broadleafcommerce.vendor.cybersource.service.api.PayPalAuthReversalReply,org.broadleafcommerce.vendor.cybersource.service.api.PayPalDoCaptureReply,org.broadleafcommerce.vendor.cybersource.service.api.PayPalEcDoPaymentReply,org.broadleafcommerce.vendor.cybersource.service.api.PayPalEcGetDetailsReply,org.broadleafcommerce.vendor.cybersource.service.api.PayPalEcSetReply,org.broadleafcommerce.vendor.cybersource.service.api.PayPalAuthorizationReply,org.broadleafcommerce.vendor.cybersource.service.api.PayPalEcOrderSetupReply,org.broadleafcommerce.vendor.cybersource.service.api.PayPalUpdateAgreementReply,org.broadleafcommerce.vendor.cybersource.service.api.PayPalCreateAgreementReply,org.broadleafcommerce.vendor.cybersource.service.api.PayPalDoRefTransactionReply,org.broadleafcommerce.vendor.cybersource.service.api.ChinaPaymentReply,org.broadleafcommerce.vendor.cybersource.service.api.ChinaRefundReply,org.broadleafcommerce.vendor.cybersource.service.api.BoletoPaymentReply)"
"--large-name17--","PayPalDoCaptureReply(java.math.BigInteger,java.lang.String,java.lang.String,java.lang.String,java.lang.String,java.lang.String,java.lang.String,java.lang.String,java.lang.String,java.lang.String,java.lang.String,java.lang.String,java.lang.String,java.lang.String,java.lang.String,java.lang.String,java.lang.String)"
"--large-name35--","buildComponentProperties(Class<?>,ForeignKey,ForeignKey[],String[],MergedPropertyType,ClassMetadata,Map<String,FieldMetadata>,String,Boolean,String[],String[],String,Type,Class<?>,Map<String,FieldMetadata>,Map<String,AdminPresentationOverride>)"
"--large-name48--","buildProperties(Class<?>,ForeignKey,ForeignKey[],String[],MergedPropertyType,Map<String,FieldMetadata>,List<Property>,Map<String,FieldMetadata>,List<String>,List<Type>,String,Boolean,String[],String[],String,String,List<Class<?>>,String,Boolean,Boolean)"
"--large-name45--","buildBasicProperty(Field,Class<?>,ForeignKey,ForeignKey[],String[],MergedPropertyType,Map<String,FieldMetadata>,List<Property>,Map<String,FieldMetadata>,String,Boolean,String[],String[],String,String,List<Class<?>>,String,Boolean,String,Type,boolean,int)"
"--large-name36--","buildProperties(Class<?>,ForeignKey,ForeignKey[],String[],MergedPropertyType,Map<String,FieldPresentationAttributes>,Iterator<Property>,ClassMetadata,Map<String,FieldMetadata>,List<String>,List<Type>,String,Boolean,String[],String[],String,Map<String,FieldMetadata>,Map<String,AdminPresentationOverride>)"
"--large-name46--","AddMetadataFromFieldTypeRequest(Field,Class<?>,ForeignKey,ForeignKey[],MergedPropertyType,List<Property>,Map<String,FieldMetadata>,String,String,String,Type,boolean,int,Map<String,FieldMetadata>,FieldMetadata,SupportedFieldType,Class<?>,DynamicEntityDao)"
"--large-name37--","buildProperties(Class<?>,ForeignKey,ForeignKey[],String[],MergedPropertyType,Map<String,FieldPresentationAttributes>,Iterator<Property>,Map<String,FieldMetadata>,List<String>,List<Type>,String,Boolean,String[],String[],String,Map<String,FieldMetadata>)"
"--large-name38--","buildProperties(Class<?>,ForeignKey,ForeignKey[],String[],MergedPropertyType,Map<String,FieldPresentationAttributes>,List<Property>,Map<String,FieldMetadata>,List<String>,List<Type>,String,Boolean,String[],String[],String,Map<String,FieldMetadata>)"